{
  "users": {
    "5212431268546@s.whatsapp.net": {
      "exp": 1055,
      "limit": 10,
      "registered": true,
      "name": "tesis",
      "age": 19,
      "regTime": 1748134062153,
      "afk": -1,
      "afkReason": "",
      "banned": false,
      "useDocument": true,
      "bank": 0,
      "level": 0,
      "premium": false,
      "premiumTime": 0,
      "messageSpam": 0,
      "antispam": 0
    },
    "12502890430@s.whatsapp.net": {
      "exp": 433,
      "limit": 10,
      "registered": false,
      "name": "Uwuwssss",
      "age": -1,
      "regTime": -1,
      "afk": -1,
      "afkReason": "",
      "banned": false,
      "useDocument": true,
      "bank": 0,
      "level": 0,
      "premium": false,
      "premiumTime": 0
    },
    "51974071171@s.whatsapp.net": {
      "exp": 164,
      "limit": 10,
      "registered": true,
      "name": "venive",
      "age": 14,
      "regTime": 1748134217760,
      "afk": -1,
      "afkReason": "",
      "banned": false,
      "useDocument": true,
      "bank": 0,
      "level": 0,
      "premium": false,
      "premiumTime": 0
    },
    "593969331687@s.whatsapp.net": {
      "exp": 270,
      "limit": 10,
      "registered": false,
      "name": "Čç Amilo",
      "age": -1,
      "regTime": -1,
      "afk": -1,
      "afkReason": "",
      "banned": false,
      "useDocument": true,
      "bank": 0,
      "level": 0,
      "premium": false,
      "premiumTime": 0
    },
    "5217778363853@s.whatsapp.net": {
      "exp": 193,
      "limit": 10,
      "registered": false,
      "name": "Angel Navarro",
      "age": -1,
      "regTime": -1,
      "afk": -1,
      "afkReason": "",
      "banned": false,
      "useDocument": true,
      "bank": 0,
      "level": 0,
      "premium": false,
      "premiumTime": 0
    },
    "5212431085732@s.whatsapp.net": {
      "exp": 109,
      "limit": 10,
      "registered": false,
      "name": "Jfjb jnk nlk ",
      "age": -1,
      "regTime": -1,
      "afk": -1,
      "afkReason": "",
      "banned": false,
      "useDocument": true,
      "bank": 0,
      "level": 0,
      "premium": false,
      "premiumTime": 0
    },
    "5217345247126@s.whatsapp.net": {
      "exp": 134,
      "limit": 10,
      "registered": true,
      "name": "Josué🙀",
      "age": 15,
      "regTime": 1748134669328,
      "afk": -1,
      "afkReason": "",
      "banned": false,
      "useDocument": true,
      "bank": 0,
      "level": 0,
      "premium": false,
      "premiumTime": 0
    },
    "50496252740@s.whatsapp.net": {
      "exp": 11,
      "limit": 10,
      "registered": false,
      "name": "~•°•♪🌑✨∞",
      "age": -1,
      "regTime": -1,
      "afk": -1,
      "afkReason": "",
      "banned": false,
      "useDocument": true,
      "bank": 0,
      "level": 0,
      "premium": false,
      "premiumTime": 0
    },
    "573015123390@s.whatsapp.net": {
      "exp": 34,
      "limit": 10,
      "registered": false,
      "name": "+57 301 5123390",
      "age": -1,
      "regTime": -1,
      "afk": -1,
      "afkReason": "",
      "banned": false,
      "useDocument": true,
      "bank": 0,
      "level": 0,
      "premium": false,
      "premiumTime": 0
    },
    "51993497374@s.whatsapp.net": {
      "exp": 31,
      "limit": 10,
      "registered": false,
      "name": "son goku",
      "age": -1,
      "regTime": -1,
      "afk": -1,
      "afkReason": "",
      "banned": false,
      "useDocument": true,
      "bank": 0,
      "level": 0,
      "premium": false,
      "premiumTime": 0
    },
    "261753023803432@lid": {
      "exp": 63,
      "limit": 10,
      "registered": false,
      "name": "MAHADEVA",
      "age": -1,
      "regTime": -1,
      "afk": -1,
      "afkReason": "",
      "banned": false,
      "useDocument": true,
      "bank": 0,
      "level": 0,
      "premium": false,
      "premiumTime": 0
    },
    "50361274794@s.whatsapp.net": {
      "exp": 2,
      "limit": 10,
      "registered": false,
      "name": "᭄ꦿ᭄🌹ㄖᎶㄩ卄🌹★᭄ꦿ᭄",
      "age": -1,
      "regTime": -1,
      "afk": -1,
      "afkReason": "",
      "banned": false,
      "useDocument": true,
      "bank": 0,
      "level": 0,
      "premium": false,
      "premiumTime": 0
    },
    "23592809033733@lid": {
      "exp": 279,
      "limit": 18,
      "registered": true,
      "name": "Čç Amilo 🐦‍🔥🔥",
      "age": 15,
      "regTime": 1748135093574,
      "afk": -1,
      "afkReason": "",
      "banned": false,
      "useDocument": true,
      "bank": 0,
      "level": 0,
      "premium": false,
      "premiumTime": 0
    },
    "5214112292035@s.whatsapp.net": {
      "exp": 12,
      "limit": 10,
      "registered": false,
      "name": "💫Abigail 💫",
      "age": -1,
      "regTime": -1,
      "afk": -1,
      "afkReason": "",
      "banned": false,
      "useDocument": true,
      "bank": 0,
      "level": 0,
      "premium": false,
      "premiumTime": 0
    },
    "5215577352827@s.whatsapp.net": {
      "exp": 18,
      "limit": 10,
      "registered": false,
      "name": "Good Heart Bad Temper",
      "age": -1,
      "regTime": -1,
      "afk": -1,
      "afkReason": "",
      "banned": false,
      "useDocument": true,
      "bank": 0,
      "level": 0,
      "premium": false,
      "premiumTime": 0
    },
    "50684038110@s.whatsapp.net": {
      "exp": 17,
      "limit": 10,
      "registered": false,
      "name": "~",
      "age": -1,
      "regTime": -1,
      "afk": -1,
      "afkReason": "",
      "banned": false,
      "useDocument": true,
      "bank": 0,
      "level": 0,
      "premium": false,
      "premiumTime": 0
    },
    "77292885803032@lid": {
      "exp": 62,
      "limit": 10,
      "registered": false,
      "name": "Dxnxl7!",
      "age": -1,
      "regTime": -1,
      "afk": -1,
      "afkReason": "",
      "banned": false,
      "useDocument": true,
      "bank": 0,
      "level": 0,
      "premium": false,
      "premiumTime": 0
    },
    "73229695750152@lid": {
      "exp": 36,
      "limit": 10,
      "registered": false,
      "name": "lili 💖",
      "age": -1,
      "regTime": -1,
      "afk": -1,
      "afkReason": "",
      "banned": false,
      "useDocument": true,
      "bank": 0,
      "level": 0,
      "premium": false,
      "premiumTime": 0
    },
    "31152018579550@lid": {
      "exp": 6,
      "limit": 10,
      "registered": false,
      "name": "Valentina",
      "age": -1,
      "regTime": -1,
      "afk": -1,
      "afkReason": "",
      "banned": false,
      "useDocument": true,
      "bank": 0,
      "level": 0
    },
    "573112098341@s.whatsapp.net": {
      "exp": 4,
      "limit": 10,
      "registered": false,
      "name": "🤗👌",
      "age": -1,
      "regTime": -1,
      "afk": -1,
      "afkReason": "",
      "banned": false,
      "useDocument": true,
      "bank": 0,
      "level": 0
    },
    "54903204511750@lid": {
      "exp": 0,
      "limit": 10,
      "registered": false,
      "age": -1,
      "regTime": -1,
      "afk": -1,
      "afkReason": "",
      "banned": false,
      "useDocument": true,
      "bank": 0,
      "level": 0
    },
    "51907097499@s.whatsapp.net": {
      "exp": 72,
      "limit": 10,
      "registered": false,
      "name": "↜₪இ✪Daгк-staг✪இ₪↝",
      "age": -1,
      "regTime": -1,
      "afk": -1,
      "afkReason": "",
      "banned": false,
      "useDocument": true,
      "bank": 0,
      "level": 0,
      "premium": false,
      "premiumTime": 0
    },
    "5218442114446@s.whatsapp.net": {
      "exp": 15,
      "limit": 10,
      "registered": false,
      "name": "Skid Bot Beta Mierdera",
      "age": -1,
      "regTime": -1,
      "afk": -1,
      "afkReason": "",
      "banned": false,
      "useDocument": true,
      "bank": 0,
      "level": 0,
      "premium": false,
      "premiumTime": 0
    },
    "573009950355@s.whatsapp.net": {
      "exp": 48,
      "limit": 10,
      "registered": false,
      "name": "Dorrat",
      "age": -1,
      "regTime": -1,
      "afk": -1,
      "afkReason": "",
      "banned": false,
      "useDocument": true,
      "bank": 0,
      "level": 0,
      "premium": false,
      "premiumTime": 0
    },
    "59169638571@s.whatsapp.net": {
      "exp": 31,
      "limit": 10,
      "registered": false,
      "name": "masoner 2.0",
      "age": -1,
      "regTime": -1,
      "afk": -1,
      "afkReason": "",
      "banned": false,
      "useDocument": true,
      "bank": 0,
      "level": 0,
      "premium": false,
      "premiumTime": 0
    },
    "5493704972047@s.whatsapp.net": {
      "exp": 39,
      "limit": 10,
      "registered": false,
      "name": "nishi bot",
      "age": -1,
      "regTime": -1,
      "afk": -1,
      "afkReason": "",
      "banned": false,
      "useDocument": true,
      "bank": 0,
      "level": 0,
      "premium": false,
      "premiumTime": 0
    },
    "64781646082291@lid": {
      "exp": 17,
      "limit": 10,
      "registered": false,
      "name": "𝑳𝒐𝒃𝒂 𝑫' 𝑱𝒐𝒔𝒉",
      "age": -1,
      "regTime": -1,
      "afk": -1,
      "afkReason": "",
      "banned": false,
      "useDocument": true,
      "bank": 0,
      "level": 0,
      "premium": false,
      "premiumTime": 0
    },
    "120363400548053885@g.us": {
      "exp": 14,
      "limit": 10,
      "registered": false,
      "name": {},
      "age": -1,
      "regTime": -1,
      "afk": -1,
      "afkReason": "",
      "banned": false,
      "useDocument": true,
      "bank": 0,
      "level": 0,
      "premium": false,
      "premiumTime": 0
    },
    "51958225804@s.whatsapp.net": {
      "exp": 8,
      "limit": 10,
      "registered": false,
      "name": ".",
      "age": -1,
      "regTime": -1,
      "afk": -1,
      "afkReason": "",
      "banned": false,
      "useDocument": true,
      "bank": 0,
      "level": 0
    },
    "51923926744@s.whatsapp.net": {
      "exp": 3,
      "limit": 10,
      "registered": false,
      "name": "b17",
      "age": -1,
      "regTime": -1,
      "afk": -1,
      "afkReason": "",
      "banned": false,
      "useDocument": true,
      "bank": 0,
      "level": 0
    },
    "573242097404@s.whatsapp.net": {
      "exp": 8,
      "limit": 10,
      "registered": false,
      "name": "+57 324 2097404",
      "age": -1,
      "regTime": -1,
      "afk": -1,
      "afkReason": "",
      "banned": false,
      "useDocument": true,
      "bank": 0,
      "level": 0
    },
    "120363315755247293@newsletter": {
      "exp": 0,
      "limit": 10,
      "registered": false,
      "age": -1,
      "regTime": -1,
      "afk": -1,
      "afkReason": "",
      "banned": false,
      "useDocument": true,
      "bank": 0,
      "level": 0
    },
    "573206480816@s.whatsapp.net": {
      "exp": 10,
      "limit": 10,
      "registered": false,
      "name": "💋⃢⃟ᖲ៩♬ƬƦɨȤ Ʀ⩏ᖲƴ⃢⃟💞",
      "age": -1,
      "regTime": -1,
      "afk": -1,
      "afkReason": "",
      "banned": false,
      "useDocument": true,
      "bank": 0,
      "level": 0,
      "premium": false,
      "premiumTime": 0
    },
    "5511937732018@s.whatsapp.net": {
      "exp": 7,
      "limit": 10,
      "registered": false,
      "name": "Ⲕα†αﾚεץα.",
      "age": -1,
      "regTime": -1,
      "afk": -1,
      "afkReason": "",
      "banned": false,
      "useDocument": true,
      "bank": 0,
      "level": 0
    },
    "251801618092197@lid": {
      "exp": 11,
      "limit": 10,
      "registered": false,
      "name": "✨💙",
      "age": -1,
      "regTime": -1,
      "afk": -1,
      "afkReason": "",
      "banned": false,
      "useDocument": true,
      "bank": 0,
      "level": 0,
      "premium": false,
      "premiumTime": 0
    },
    "573128531439@s.whatsapp.net": {
      "exp": 2,
      "limit": 10,
      "registered": false,
      "name": "..",
      "age": -1,
      "regTime": -1,
      "afk": -1,
      "afkReason": "",
      "banned": false,
      "useDocument": true,
      "bank": 0,
      "level": 0
    },
    "5217772991475@s.whatsapp.net": {
      "exp": 4,
      "limit": 10,
      "registered": false,
      "name": "Torrio",
      "age": -1,
      "regTime": -1,
      "afk": -1,
      "afkReason": "",
      "banned": false,
      "useDocument": true,
      "bank": 0,
      "level": 0
    },
    "134694838497476@lid": {
      "exp": 9,
      "limit": 10,
      "registered": false,
      "name": "פראי יותר 08",
      "age": -1,
      "regTime": -1,
      "afk": -1,
      "afkReason": "",
      "banned": false,
      "useDocument": true,
      "bank": 0,
      "level": 0
    },
    "73367252119625@lid": {
      "exp": 20,
      "limit": 10,
      "registered": false,
      "name": "Tato",
      "age": -1,
      "regTime": -1,
      "afk": -1,
      "afkReason": "",
      "banned": false,
      "useDocument": true,
      "bank": 0,
      "level": 0,
      "premium": false,
      "premiumTime": 0
    },
    "556791860279@s.whatsapp.net": {
      "exp": 4,
      "limit": 10,
      "registered": false,
      "name": "Jéderson Espinosa👊🏽🍃",
      "age": -1,
      "regTime": -1,
      "afk": -1,
      "afkReason": "",
      "banned": false,
      "useDocument": true,
      "bank": 0,
      "level": 0
    },
    "51925542145@s.whatsapp.net": {
      "exp": 5,
      "limit": 10,
      "registered": false,
      "name": "EL DIOS GRIEGO 😈💪🏻",
      "age": -1,
      "regTime": -1,
      "afk": -1,
      "afkReason": "",
      "banned": false,
      "useDocument": true,
      "bank": 0,
      "level": 0
    },
    "247682778026050@lid": {
      "exp": 9,
      "limit": 10,
      "registered": false,
      "age": -1,
      "regTime": -1,
      "afk": -1,
      "afkReason": "",
      "banned": false,
      "useDocument": true,
      "bank": 0,
      "level": 0
    },
    "13718444372149@lid": {
      "exp": 33,
      "limit": 10,
      "registered": false,
      "name": "☁︎⋆Ashley⋆☁︎",
      "age": -1,
      "regTime": -1,
      "afk": -1,
      "afkReason": "",
      "banned": false,
      "useDocument": true,
      "bank": 0,
      "level": 0,
      "premium": false,
      "premiumTime": 0
    },
    "175488655970555@lid": {
      "exp": 9,
      "limit": 10,
      "registered": false,
      "name": "A~+",
      "age": -1,
      "regTime": -1,
      "afk": -1,
      "afkReason": "",
      "banned": false,
      "useDocument": true,
      "bank": 0,
      "level": 0
    },
    "270441692303373@lid": {
      "exp": 4,
      "limit": 10,
      "registered": false,
      "name": "💖Lokita💖",
      "age": -1,
      "regTime": -1,
      "afk": -1,
      "afkReason": "",
      "banned": false,
      "useDocument": true,
      "bank": 0,
      "level": 0
    },
    "36477610254339@lid": {
      "exp": 1,
      "limit": 10,
      "registered": false,
      "age": -1,
      "regTime": -1,
      "afk": -1,
      "afkReason": "",
      "banned": false,
      "useDocument": true,
      "bank": 0,
      "level": 0
    },
    "256100746191007@lid": {
      "exp": 13,
      "limit": 10,
      "registered": false,
      "name": "Puchi😍",
      "age": -1,
      "regTime": -1,
      "afk": -1,
      "afkReason": "",
      "banned": false,
      "useDocument": true,
      "bank": 0,
      "level": 0,
      "premium": false,
      "premiumTime": 0
    }
  },
  "chats": {
    "5212431268546@s.whatsapp.net": {
      "isBanned": false,
      "bienvenida": false,
      "antiLink": false,
      "detect": true,
      "onlyLatinos": false,
      "nsfw": false,
      "audios": false,
      "modoadmin": false,
      "expired": 0,
      "antiLag": false,
      "per": [
        "12502890430@s.whatsapp.net"
      ]
    },
    "120363414007802886@newsletter": {
      "isBanned": false,
      "bienvenida": false,
      "antiLink": false,
      "detect": true,
      "onlyLatinos": false,
      "nsfw": false,
      "audios": false,
      "modoadmin": false,
      "expired": 0,
      "antiLag": false,
      "per": [
        "12502890430@s.whatsapp.net"
      ]
    },
    "120363400601247440@g.us": {
      "isBanned": false,
      "bienvenida": false,
      "antiLink": false,
      "detect": true,
      "onlyLatinos": false,
      "nsfw": false,
      "audios": false,
      "modoadmin": false,
      "expired": 0,
      "antiLag": false,
      "per": [
        "12502890430@s.whatsapp.net"
      ]
    },
    "120363396011370236@g.us": {
      "isBanned": false,
      "bienvenida": false,
      "antiLink": false,
      "detect": true,
      "onlyLatinos": false,
      "nsfw": false,
      "audios": false,
      "modoadmin": false,
      "expired": 0,
      "antiLag": false,
      "per": [
        "12502890430@s.whatsapp.net"
      ]
    },
    "120363400721739832@g.us": {
      "isBanned": false,
      "bienvenida": false,
      "antiLink": false,
      "detect": true,
      "onlyLatinos": false,
      "nsfw": false,
      "audios": false,
      "modoadmin": false,
      "expired": 0,
      "antiLag": false,
      "per": [
        "12502890430@s.whatsapp.net"
      ]
    },
    "593969331687@s.whatsapp.net": {
      "isBanned": false,
      "bienvenida": false,
      "antiLink": false,
      "detect": true,
      "onlyLatinos": false,
      "nsfw": false,
      "audios": false,
      "modoadmin": false,
      "expired": 0,
      "antiLag": false,
      "per": [
        "12502890430@s.whatsapp.net"
      ]
    },
    "120363317527346544@g.us": {
      "isBanned": false,
      "bienvenida": false,
      "antiLink": false,
      "detect": true,
      "onlyLatinos": false,
      "nsfw": false,
      "audios": false,
      "modoadmin": false,
      "expired": 0,
      "antiLag": false,
      "per": [
        "12502890430@s.whatsapp.net"
      ]
    },
    "120363359846966549@g.us": {
      "isBanned": false,
      "bienvenida": false,
      "antiLink": false,
      "detect": true,
      "onlyLatinos": false,
      "nsfw": false,
      "audios": false,
      "modoadmin": false,
      "expired": 0,
      "antiLag": false,
      "per": [
        "12502890430@s.whatsapp.net"
      ]
    },
    "120363421320677980@g.us": {
      "isBanned": false,
      "bienvenida": false,
      "antiLink": false,
      "detect": true,
      "onlyLatinos": false,
      "nsfw": false,
      "audios": false,
      "modoadmin": false,
      "expired": 0,
      "antiLag": false,
      "per": [
        "12502890430@s.whatsapp.net"
      ]
    },
    "120363378712172228@g.us": {
      "isBanned": false,
      "bienvenida": false,
      "antiLink": false,
      "detect": true,
      "onlyLatinos": false,
      "nsfw": false,
      "audios": false,
      "modoadmin": false,
      "expired": 0,
      "antiLag": false,
      "per": [
        "12502890430@s.whatsapp.net"
      ]
    },
    "51993497374@s.whatsapp.net": {
      "isBanned": false,
      "bienvenida": false,
      "antiLink": false,
      "detect": true,
      "onlyLatinos": false,
      "nsfw": false,
      "audios": false,
      "modoadmin": false,
      "expired": 0,
      "antiLag": false,
      "per": [
        "12502890430@s.whatsapp.net"
      ]
    },
    "120363419112931977@g.us": {
      "isBanned": false,
      "bienvenida": false,
      "antiLink": false,
      "detect": true,
      "onlyLatinos": false,
      "nsfw": false,
      "audios": false,
      "modoadmin": false,
      "expired": 0,
      "antiLag": false,
      "per": [
        "12502890430@s.whatsapp.net"
      ]
    },
    "12502890430@s.whatsapp.net": {
      "isBanned": false,
      "bienvenida": false,
      "antiLink": false,
      "detect": true,
      "onlyLatinos": false,
      "nsfw": false,
      "audios": false,
      "modoadmin": false,
      "expired": 0,
      "antiLag": false,
      "per": [
        "12502890430@s.whatsapp.net"
      ]
    },
    "120363337755846866@g.us": {
      "isBanned": false,
      "bienvenida": false,
      "antiLink": false,
      "detect": true,
      "onlyLatinos": false,
      "nsfw": false,
      "audios": false,
      "modoadmin": false,
      "expired": 0,
      "antiLag": false,
      "per": [
        "12502890430@s.whatsapp.net"
      ]
    },
    "120363400548053885@g.us": {
      "isBanned": false,
      "bienvenida": false,
      "antiLink": false,
      "detect": true,
      "onlyLatinos": false,
      "nsfw": false,
      "audios": false,
      "modoadmin": false,
      "expired": 0,
      "antiLag": false,
      "per": [
        "12502890430@s.whatsapp.net"
      ]
    },
    "51958225804@s.whatsapp.net": {
      "isBanned": false,
      "bienvenida": false,
      "antiLink": false,
      "detect": true,
      "onlyLatinos": false,
      "nsfw": false,
      "audios": false,
      "modoadmin": false,
      "expired": 0,
      "antiLag": false,
      "per": [
        "12502890430@s.whatsapp.net"
      ]
    },
    "120363303581590110@g.us": {
      "isBanned": false,
      "bienvenida": false,
      "antiLink": false,
      "detect": true,
      "onlyLatinos": false,
      "nsfw": false,
      "audios": false,
      "modoadmin": false,
      "expired": 0,
      "antiLag": false,
      "per": [
        "12502890430@s.whatsapp.net"
      ]
    },
    "120363315755247293@newsletter": {
      "isBanned": false,
      "bienvenida": false,
      "antiLink": false,
      "detect": true,
      "onlyLatinos": false,
      "nsfw": false,
      "audios": false,
      "modoadmin": false,
      "expired": 0,
      "antiLag": false,
      "per": [
        "12502890430@s.whatsapp.net"
      ]
    },
    "120363417077353459@g.us": {
      "isBanned": false,
      "bienvenida": false,
      "antiLink": false,
      "detect": true,
      "onlyLatinos": false,
      "nsfw": false,
      "audios": false,
      "modoadmin": false,
      "expired": 0,
      "antiLag": false,
      "per": [
        "12502890430@s.whatsapp.net"
      ]
    },
    "120363386967746811@g.us": {
      "isBanned": false,
      "bienvenida": false,
      "antiLink": false,
      "detect": true,
      "onlyLatinos": false,
      "nsfw": false,
      "audios": false,
      "modoadmin": false,
      "expired": 0,
      "antiLag": false,
      "per": [
        "12502890430@s.whatsapp.net"
      ]
    },
    "120363353479182192@g.us": {
      "isBanned": false,
      "bienvenida": false,
      "antiLink": false,
      "detect": true,
      "onlyLatinos": false,
      "nsfw": false,
      "audios": false,
      "modoadmin": false,
      "expired": 0,
      "antiLag": false,
      "per": [
        "12502890430@s.whatsapp.net"
      ]
    },
    "120363398384525398@g.us": {
      "isBanned": false,
      "bienvenida": false,
      "antiLink": false,
      "detect": true,
      "onlyLatinos": false,
      "nsfw": false,
      "audios": false,
      "modoadmin": false,
      "expired": 0,
      "antiLag": false,
      "per": [
        "12502890430@s.whatsapp.net"
      ]
    }
  },
  "stats": {
    "sticker-sticker.js": {
      "total": 22,
      "success": 22,
      "last": 1748135456570,
      "lastSuccess": 1748135456570
    },
    "owner-saveplungin.js": {
      "total": 2,
      "success": 2,
      "last": 1748133752894,
      "lastSuccess": 1748133752894
    },
    "owner-exec2.js": {
      "total": 8,
      "success": 8,
      "last": 1748135548206,
      "lastSuccess": 1748135548206
    },
    "info-ping.js": {
      "total": 4,
      "success": 4,
      "last": 1748134065413,
      "lastSuccess": 1748134065413
    },
    "rg-reg.js": {
      "total": 9,
      "success": 9,
      "last": 1748135093940,
      "lastSuccess": 1748135093940
    },
    "main-menu.js": {
      "total": 10,
      "success": 10,
      "last": 1748135108642,
      "lastSuccess": 1748135108642
    },
    "_bot-audios.js": {
      "total": 2,
      "success": 2,
      "last": 1748134554560,
      "lastSuccess": 1748134554560
    },
    "downloader-playmp4.js": {
      "total": 2,
      "success": 0,
      "last": 1748134604177,
      "lastSuccess": 0
    },
    "sticker-qc.js": {
      "total": 3,
      "success": 3,
      "last": 1748134679331,
      "lastSuccess": 1748134679331
    },
    "serbot-serbot.js": {
      "total": 4,
      "success": 4,
      "last": 1748135585796,
      "lastSuccess": 1748135585796
    },
    "downloader-soundcloud.js": {
      "total": 4,
      "success": 4,
      "last": 1748135239655,
      "lastSuccess": 1748135239655
    },
    "anime-messi.js": {
      "total": 2,
      "success": 2,
      "last": 1748135125174,
      "lastSuccess": 1748135125174
    },
    "economy-trabajar.js": {
      "total": 3,
      "success": 3,
      "last": 1748135159797,
      "lastSuccess": 1748135159797
    },
    "group-tagall.js": {
      "total": 2,
      "success": 2,
      "last": 1748135331175,
      "lastSuccess": 1748135331175
    },
    "owner-exec.js": {
      "total": 5,
      "success": 5,
      "last": 1748135622327,
      "lastSuccess": 1748135622327
    }
  },
  "msgs": {},
  "sticker": {},
  "settings": {
    "12502890430@s.whatsapp.net": {
      "self": false,
      "autoread": false,
      "antiPrivate": true,
      "antiBot2": true,
      "antiSpam": true,
      "status": 0
    },
    "593969331687@s.whatsapp.net": {
      "self": false,
      "autoread": false,
      "antiPrivate": true,
      "antiBot2": true,
      "antiSpam": true,
      "status": 0
    }
  }
}